Image Index: ,Detector Type: ,Descriptor Type: ,Matcher Type: ,Selector Type: ,Detection timetaken: ,Total No. of detected points: ,Num. of Filtered points: ,Descriptor timetaken: ,Matcher timetaken: ,No. of Matched pairs: ,No. of Matched pairs in CurrBB in front: ,TTC Camera,TTC Lidar,
0,SHITOMASI,BRISK,MAT_BF,SEL_KNN,13.4186,1723,0,18.9142,0,0,,,,
1,SHITOMASI,BRISK,MAT_BF,SEL_KNN,12.8914,1759,0,19.2918,64.5711,797,61,12,12,
2,SHITOMASI,BRISK,MAT_BF,SEL_KNN,13.426,1820,0,20.0541,67.3111,779,59,14,12,
3,SHITOMASI,BRISK,MAT_BF,SEL_KNN,12.9195,1850,0,20.4724,71.3918,843,60,62,13,
4,SHITOMASI,BRISK,MAT_BF,SEL_KNN,13.3882,1828,0,20.2551,71.8399,792,65,11,7,
5,SHITOMASI,BRISK,MAT_BF,SEL_KNN,12.7257,1806,0,20.86,69.6066,817,65,11,16,
6,SHITOMASI,BRISK,MAT_BF,SEL_KNN,14.0652,1877,0,20.8841,69.6992,805,63,11,12,
7,SHITOMASI,BRISK,MAT_BF,SEL_KNN,13.1408,1894,0,22.3514,73.4039,780,65,11,34,
8,SHITOMASI,BRISK,MAT_BF,SEL_KNN,13.2342,1889,0,20.9914,72.9643,850,67,12,9,
9,SHITOMASI,BRISK,MAT_BF,SEL_KNN,13.0712,1917,0,23.7722,75.5507,842,67,10,18,
10,SHITOMASI,BRISK,MAT_BF,SEL_KNN,13.0872,1874,0,20.8657,72.9675,832,65,15,18,
11,SHITOMASI,BRISK,MAT_BF,SEL_KNN,13.1197,1912,0,20.6908,73.4439,857,64,6,3,
12,SHITOMASI,BRISK,MAT_BF,SEL_KNN,13.2529,1930,0,22.063,75.7078,849,79,13,-10,
13,SHITOMASI,BRISK,MAT_BF,SEL_KNN,12.7659,1881,0,20.62,75.2179,884,77,55,9,
14,SHITOMASI,BRISK,MAT_BF,SEL_KNN,12.889,1886,0,21.5145,74.0061,889,76,0,10,
15,SHITOMASI,BRISK,MAT_BF,SEL_KNN,13.8765,1957,0,21.7261,77.5259,906,65,9,8,
16,SHITOMASI,BRISK,MAT_BF,SEL_KNN,12.9362,1888,3,20.5755,77.3172,878,65,10,3,
17,SHITOMASI,BRISK,MAT_BF,SEL_KNN,12.8015,1919,0,21.4243,75.8235,914,67,7,-9,
18,SHITOMASI,BRISK,MAT_BF,SEL_KNN,13.0361,2057,38,23.1542,84.9646,960,72,5,8,

0,SHITOMASI,BRIEF,MAT_BF,SEL_KNN,13.2361,1723,0,15.8331,0,0,,,,
1,SHITOMASI,BRIEF,MAT_BF,SEL_KNN,13.1092,1759,0,9.56105,53.0129,1148,78,19,12,
2,SHITOMASI,BRIEF,MAT_BF,SEL_KNN,13.3511,1820,0,10.2746,56.186,1167,90,9,12,
3,SHITOMASI,BRIEF,MAT_BF,SEL_KNN,13.1996,1850,0,10.6871,58.5761,1221,94,5,13,
4,SHITOMASI,BRIEF,MAT_BF,SEL_KNN,12.8926,1828,0,9.86057,58.2488,1210,89,3,7,
5,SHITOMASI,BRIEF,MAT_BF,SEL_KNN,12.6683,1806,0,9.42302,59.4381,1221,87,9,16,
6,SHITOMASI,BRIEF,MAT_BF,SEL_KNN,13.0125,1877,0,9.87043,55.6387,1155,85,10,12,
7,SHITOMASI,BRIEF,MAT_BF,SEL_KNN,13.3899,1894,0,11.8346,56.027,1190,96,7,34,
8,SHITOMASI,BRIEF,MAT_BF,SEL_KNN,13.657,1889,0,11.8692,56.699,1214,100,6,9,
9,SHITOMASI,BRIEF,MAT_BF,SEL_KNN,13.6725,1917,0,12.2355,58.0248,1205,90,18,18,
10,SHITOMASI,BRIEF,MAT_BF,SEL_KNN,13.2563,1874,0,10.1817,59.3079,1187,86,9,18,
11,SHITOMASI,BRIEF,MAT_BF,SEL_KNN,13.1736,1912,0,11.1045,58.2322,1193,80,12,3,
12,SHITOMASI,BRIEF,MAT_BF,SEL_KNN,12.8061,1930,0,10.1748,59.5536,1239,98,2,-10,
13,SHITOMASI,BRIEF,MAT_BF,SEL_KNN,11.967,1881,0,10.8394,55.6012,1250,102,13,9,
14,SHITOMASI,BRIEF,MAT_BF,SEL_KNN,13.0725,1886,0,9.76949,56.4114,1248,92,7,10,
15,SHITOMASI,BRIEF,MAT_BF,SEL_KNN,13.644,1957,0,11.252,59.44,1262,87,7,8,
16,SHITOMASI,BRIEF,MAT_BF,SEL_KNN,13.0265,1888,3,10.2045,61.3267,1281,94,6,3,
17,SHITOMASI,BRIEF,MAT_BF,SEL_KNN,13.3586,1919,0,10.4548,60.057,1270,92,12,-9,
18,SHITOMASI,BRIEF,MAT_BF,SEL_KNN,13.6578,2057,38,11.9533,62.2305,1320,97,8,8,

0,SHITOMASI,ORB,MAT_BF,SEL_KNN,12.8731,1723,0,9.10939,0,0,,,,
1,SHITOMASI,ORB,MAT_BF,SEL_KNN,13.0635,1759,0,4.31683,52.361,1053,76,11,12,
2,SHITOMASI,ORB,MAT_BF,SEL_KNN,13.0919,1820,0,4.10504,55.1586,1070,76,12,12,
3,SHITOMASI,ORB,MAT_BF,SEL_KNN,13.0342,1850,0,4.78323,57.8709,1116,82,9,13,
4,SHITOMASI,ORB,MAT_BF,SEL_KNN,13.3971,1828,0,4.66945,58.6793,1082,81,13,7,
5,SHITOMASI,ORB,MAT_BF,SEL_KNN,13.4372,1806,0,4.67646,57.1853,1080,86,6,16,
6,SHITOMASI,ORB,MAT_BF,SEL_KNN,13.5807,1877,0,5.27157,54.3041,1042,82,6,12,
7,SHITOMASI,ORB,MAT_BF,SEL_KNN,13.6026,1894,0,4.58006,56.5937,1059,89,6,34,
8,SHITOMASI,ORB,MAT_BF,SEL_KNN,12.9537,1889,0,3.99834,56.022,1085,93,46,9,
9,SHITOMASI,ORB,MAT_BF,SEL_KNN,13.3174,1917,0,4.73217,57.895,1072,82,6,18,
10,SHITOMASI,ORB,MAT_BF,SEL_KNN,13.1586,1874,0,4.13872,56.5503,1050,79,9,18,
11,SHITOMASI,ORB,MAT_BF,SEL_KNN,13.191,1912,0,4.68025,56.4783,1049,79,2,3,
12,SHITOMASI,ORB,MAT_BF,SEL_KNN,13.4849,1930,0,4.91576,58.2417,1099,91,14,-10,
13,SHITOMASI,ORB,MAT_BF,SEL_KNN,12.8961,1881,0,3.99539,56.1995,1109,96,7,9,
14,SHITOMASI,ORB,MAT_BF,SEL_KNN,13.8412,1886,0,5.49632,57.6524,1099,83,8,10,
15,SHITOMASI,ORB,MAT_BF,SEL_KNN,14.4756,1957,0,5.51466,59.9862,1102,81,6,8,
16,SHITOMASI,ORB,MAT_BF,SEL_KNN,13.7643,1888,3,5.45127,60.8207,1135,84,3,3,
17,SHITOMASI,ORB,MAT_BF,SEL_KNN,14.147,1919,0,5.63639,59.9381,1165,90,21,-9,
18,SHITOMASI,ORB,MAT_BF,SEL_KNN,14.0683,2057,38,6.10899,67.1903,1204,92,3,8,

0,SHITOMASI,FREAK,MAT_BF,SEL_KNN,13.9257,1723,0,69.3962,0,0,,,,
1,SHITOMASI,FREAK,MAT_BF,SEL_KNN,13.0748,1759,0,64.5544,57.909,812,60,12,12,
2,SHITOMASI,FREAK,MAT_BF,SEL_KNN,12.9567,1820,0,59.8087,59.3527,814,58,13,12,
3,SHITOMASI,FREAK,MAT_BF,SEL_KNN,13.0831,1850,0,63.487,62.8672,878,58,4,13,
4,SHITOMASI,FREAK,MAT_BF,SEL_KNN,13.0236,1828,0,62.3783,62.9113,851,64,17,7,
5,SHITOMASI,FREAK,MAT_BF,SEL_KNN,12.9926,1806,0,60.8103,60.0347,874,74,10,16,
6,SHITOMASI,FREAK,MAT_BF,SEL_KNN,12.8334,1877,0,61.0705,59.6926,845,66,14,12,
7,SHITOMASI,FREAK,MAT_BF,SEL_KNN,13.0149,1894,0,61.1879,60.8057,831,71,12,34,
8,SHITOMASI,FREAK,MAT_BF,SEL_KNN,12.7958,1889,0,60.8064,61.4344,870,68,12,9,
9,SHITOMASI,FREAK,MAT_BF,SEL_KNN,12.7116,1917,0,60.6983,62.2881,863,69,45,18,
10,SHITOMASI,FREAK,MAT_BF,SEL_KNN,12.8632,1874,0,63.9795,64.4539,860,65,12,18,
11,SHITOMASI,FREAK,MAT_BF,SEL_KNN,13.2172,1912,0,63.2006,64.1958,861,57,12,3,
12,SHITOMASI,FREAK,MAT_BF,SEL_KNN,13.3019,1930,0,63.7233,66.2703,885,82,10,-10,
13,SHITOMASI,FREAK,MAT_BF,SEL_KNN,12.8313,1881,0,61.2641,63.69,880,70,12,9,
14,SHITOMASI,FREAK,MAT_BF,SEL_KNN,13.4823,1886,0,62.2132,64.3908,886,64,4,10,
15,SHITOMASI,FREAK,MAT_BF,SEL_KNN,13.1021,1957,0,63.3346,67.3653,892,63,8,8,
16,SHITOMASI,FREAK,MAT_BF,SEL_KNN,13.1195,1888,3,63.2622,66.114,899,72,11,3,
17,SHITOMASI,FREAK,MAT_BF,SEL_KNN,13.0993,1919,0,61.3611,64.6244,949,71,9,-9,
18,SHITOMASI,FREAK,MAT_BF,SEL_KNN,14.266,2057,38,67.0958,71.2032,952,67,5,8,

0,SHITOMASI,SIFT,MAT_BF,SEL_KNN,12.9921,1723,0,71.5495,0,0,,,,
1,SHITOMASI,SIFT,MAT_BF,SEL_KNN,12.9547,1759,0,65.7513,131.32,1260,77,38,12,
2,SHITOMASI,SIFT,MAT_BF,SEL_KNN,13.4294,1820,0,66.6811,142.839,1257,86,10,12,
3,SHITOMASI,SIFT,MAT_BF,SEL_KNN,12.9103,1850,0,67.8445,149.361,1321,88,7,13,
4,SHITOMASI,SIFT,MAT_BF,SEL_KNN,12.7697,1828,0,66.8805,155.306,1344,86,16,7,
5,SHITOMASI,SIFT,MAT_BF,SEL_KNN,12.8432,1806,0,65.8922,148.763,1324,88,9,16,
6,SHITOMASI,SIFT,MAT_BF,SEL_KNN,13.1057,1877,0,69.412,155.743,1287,86,8,12,
7,SHITOMASI,SIFT,MAT_BF,SEL_KNN,13.1945,1894,0,68.9432,159.311,1310,94,9,34,
8,SHITOMASI,SIFT,MAT_BF,SEL_KNN,13.4513,1889,0,68.4998,164.363,1337,97,6,9,
9,SHITOMASI,SIFT,MAT_BF,SEL_KNN,13.0406,1917,0,68.4698,164.693,1334,88,12,18,
10,SHITOMASI,SIFT,MAT_BF,SEL_KNN,13.1335,1874,0,69.2532,165.836,1324,89,7,18,
11,SHITOMASI,SIFT,MAT_BF,SEL_KNN,13.0827,1912,0,69.5585,165.229,1299,82,13,3,
12,SHITOMASI,SIFT,MAT_BF,SEL_KNN,13.0783,1930,0,68.9377,169.139,1356,95,6,-10,
13,SHITOMASI,SIFT,MAT_BF,SEL_KNN,12.9557,1881,0,68.0017,166.308,1372,97,13,9,
14,SHITOMASI,SIFT,MAT_BF,SEL_KNN,13.247,1886,0,69.2193,151.441,1359,92,13,10,
15,SHITOMASI,SIFT,MAT_BF,SEL_KNN,13.6139,1957,0,70.8711,167.333,1400,90,7,8,
16,SHITOMASI,SIFT,MAT_BF,SEL_KNN,13.1384,1888,3,68.6314,164.358,1425,90,14,3,
17,SHITOMASI,SIFT,MAT_BF,SEL_KNN,13.5765,1919,0,70.4628,160.176,1442,92,8,-9,
18,SHITOMASI,SIFT,MAT_BF,SEL_KNN,13.2736,2057,38,71.7187,173.828,1487,96,8,8,

0,HARRIS,BRISK,MAT_BF,SEL_KNN,12.8073,299,0,4.29951,0,0,,,,
1,HARRIS,BRISK,MAT_BF,SEL_KNN,12.2245,820,0,9.63186,5.45814,152,14,-10,12,
2,HARRIS,BRISK,MAT_BF,SEL_KNN,12.4166,319,0,4.48386,6.10758,340,43,10,12,
3,HARRIS,BRISK,MAT_BF,SEL_KNN,12.4045,583,0,7.03514,4.19096,180,21,10,13,
4,HARRIS,BRISK,MAT_BF,SEL_KNN,12.2589,940,0,10.7944,12.6347,276,,,,
5,HARRIS,BRISK,MAT_BF,SEL_KNN,12.1728,913,0,10.4714,19.5476,456,41,0,16,
6,HARRIS,BRISK,MAT_BF,SEL_KNN,12.8665,1008,0,11.4189,21.0633,432,41,11,12,
7,HARRIS,BRISK,MAT_BF,SEL_KNN,12.7853,1149,0,12.9559,25.2015,505,66,10,34,
8,HARRIS,BRISK,MAT_BF,SEL_KNN,12.742,677,0,8.10083,17.9795,536,57,80,9,
9,HARRIS,BRISK,MAT_BF,SEL_KNN,12.2589,364,0,4.8812,5.63936,340,39,10,18,
10,HARRIS,BRISK,MAT_BF,SEL_KNN,12.6224,1028,0,11.9607,8.31151,207,24,-2147483648,18,
11,HARRIS,BRISK,MAT_BF,SEL_KNN,12.8127,466,0,6.14182,12.6648,461,41,5,3,
12,HARRIS,BRISK,MAT_BF,SEL_KNN,12.3628,581,0,7.0187,6.1057,287,34,11,-10,
13,HARRIS,BRISK,MAT_BF,SEL_KNN,12.0724,634,0,7.71714,8.10109,329,45,13,9,
14,HARRIS,BRISK,MAT_BF,SEL_KNN,12.2489,443,0,5.97107,6.66034,352,39,11,10,
15,HARRIS,BRISK,MAT_BF,SEL_KNN,12.564,1082,0,12.5073,12.2236,278,25,10,8,
16,HARRIS,BRISK,MAT_BF,SEL_KNN,12.5507,817,3,9.82326,20.4717,590,,,,
17,HARRIS,BRISK,MAT_BF,SEL_KNN,13.005,340,0,4.64075,6.23586,334,30,11,-9,
18,HARRIS,BRISK,MAT_BF,SEL_KNN,12.2702,433,38,5.58233,3.38327,206,22,11,8,

0,HARRIS,BRIEF,MAT_BF,SEL_KNN,12.3927,299,0,1.89191,0,0,,,,
1,HARRIS,BRIEF,MAT_BF,SEL_KNN,12.5887,820,0,3.47153,9.74371,156,20,70,12,
2,HARRIS,BRIEF,MAT_BF,SEL_KNN,12.3241,319,0,1.87332,7.17793,405,46,10,12,
3,HARRIS,BRIEF,MAT_BF,SEL_KNN,12.283,583,0,2.66686,11.4064,173,21,10,13,
4,HARRIS,BRIEF,MAT_BF,SEL_KNN,14.425,940,0,4.02784,10.4995,271,26,55,7,
5,HARRIS,BRIEF,MAT_BF,SEL_KNN,15.7328,913,0,6.49908,17.6193,456,52,11,16,
6,HARRIS,BRIEF,MAT_BF,SEL_KNN,16.7795,1008,0,6.7031,17.5922,491,54,9,12,
7,HARRIS,BRIEF,MAT_BF,SEL_KNN,17.4887,1149,0,6.91856,21.9929,517,71,10,34,
8,HARRIS,BRIEF,MAT_BF,SEL_KNN,27.1683,677,0,2.98775,15.1628,612,71,9,9,
9,HARRIS,BRIEF,MAT_BF,SEL_KNN,20.7356,364,0,2.02045,5.16766,371,51,7,18,
10,HARRIS,BRIEF,MAT_BF,SEL_KNN,19.8906,1028,0,4.3364,7.61754,201,25,10,18,
11,HARRIS,BRIEF,MAT_BF,SEL_KNN,19.8265,466,0,2.34661,9.65919,526,47,11,3,
12,HARRIS,BRIEF,MAT_BF,SEL_KNN,19.4791,581,0,2.76327,5.50291,279,35,11,-10,
13,HARRIS,BRIEF,MAT_BF,SEL_KNN,19.0168,634,0,2.93316,7.59529,370,52,13,9,
14,HARRIS,BRIEF,MAT_BF,SEL_KNN,19.31,443,0,2.4457,5.94253,392,46,11,10,
15,HARRIS,BRIEF,MAT_BF,SEL_KNN,17.8561,1082,0,6.33103,9.4881,252,22,11,8,
16,HARRIS,BRIEF,MAT_BF,SEL_KNN,17.6482,817,3,5.80881,17.1692,584,54,17,3,
17,HARRIS,BRIEF,MAT_BF,SEL_KNN,17.9338,340,0,3.21922,6.40234,426,38,11,-9,
18,HARRIS,BRIEF,MAT_BF,SEL_KNN,17.7034,433,38,3.8574,3.50375,203,0,-2147483648,8,

0,HARRIS,ORB,MAT_BF,SEL_KNN,17.9445,299,0,1.90746,0,0,,,,
1,HARRIS,ORB,MAT_BF,SEL_KNN,15.3366,820,0,3.61831,7.33857,156,14,-2147483648,12,
2,HARRIS,ORB,MAT_BF,SEL_KNN,14.5959,319,0,2.67098,8.15285,406,48,12,12,
3,HARRIS,ORB,MAT_BF,SEL_KNN,14.6593,583,0,3.33677,6.11597,176,22,11,13,
4,HARRIS,ORB,MAT_BF,SEL_KNN,14.7637,940,0,3.9321,12.7033,292,26,11,7,
5,HARRIS,ORB,MAT_BF,SEL_KNN,15.6592,913,0,3.73729,18.1416,446,46,10,16,
6,HARRIS,ORB,MAT_BF,SEL_KNN,16.2088,1008,0,4.02656,18.5737,486,54,10,12,
7,HARRIS,ORB,MAT_BF,SEL_KNN,18.2894,1149,0,4.67263,21.6334,514,72,5,34,
8,HARRIS,ORB,MAT_BF,SEL_KNN,18.6389,677,0,2.38433,15.2242,581,67,10,9,
9,HARRIS,ORB,MAT_BF,SEL_KNN,17.9228,364,0,2.78353,6.16396,356,52,2376,18,
10,HARRIS,ORB,MAT_BF,SEL_KNN,19.8259,1028,0,3.03395,7.49035,185,22,10,18,
11,HARRIS,ORB,MAT_BF,SEL_KNN,19.2518,466,0,2.068,9.90804,487,39,18,3,
12,HARRIS,ORB,MAT_BF,SEL_KNN,18.7342,581,0,2.87651,5.67544,267,25,11,-10,
13,HARRIS,ORB,MAT_BF,SEL_KNN,17.5622,634,0,3.66503,7.52822,329,44,13,9,
14,HARRIS,ORB,MAT_BF,SEL_KNN,19.1985,443,0,2.01575,6.45809,366,33,11,10,
15,HARRIS,ORB,MAT_BF,SEL_KNN,17.3969,1082,0,4.94235,9.51768,244,23,10,8,
16,HARRIS,ORB,MAT_BF,SEL_KNN,18.0398,817,3,4.12599,17.3614,611,,,,
17,HARRIS,ORB,MAT_BF,SEL_KNN,17.2058,340,0,2.66256,6.44806,417,37,11,-9,
18,HARRIS,ORB,MAT_BF,SEL_KNN,18.2109,433,38,2.91159,3.78035,204,17,11,8,

0,HARRIS,FREAK,MAT_BF,SEL_KNN,15.9686,299,0,50.4086,0,0,,,,
1,HARRIS,FREAK,MAT_BF,SEL_KNN,15.6952,820,0,55.5185,9.71499,164,17,-2147483648,12,
2,HARRIS,FREAK,MAT_BF,SEL_KNN,14.7595,319,0,50.9389,5.98279,370,48,10,12,
3,HARRIS,FREAK,MAT_BF,SEL_KNN,14.8013,583,0,53.411,4.1647,197,28,10,13,
4,HARRIS,FREAK,MAT_BF,SEL_KNN,14.5067,940,0,55.2897,13.0351,288,31,10,7,
5,HARRIS,FREAK,MAT_BF,SEL_KNN,15.5131,913,0,55.2457,19.0265,454,43,10,16,
6,HARRIS,FREAK,MAT_BF,SEL_KNN,16.1616,1008,0,53.8638,20.0981,473,53,10,12,
7,HARRIS,FREAK,MAT_BF,SEL_KNN,19.3086,1149,0,54.3652,24.8465,521,73,10,34,
8,HARRIS,FREAK,MAT_BF,SEL_KNN,18.0826,677,0,51.6304,18.0022,535,64,10,9,
9,HARRIS,FREAK,MAT_BF,SEL_KNN,19.1505,364,0,49.6362,7.63132,318,43,11,18,
10,HARRIS,FREAK,MAT_BF,SEL_KNN,17.5929,1028,0,53.6479,9.69094,219,27,23,18,
11,HARRIS,FREAK,MAT_BF,SEL_KNN,18.1819,466,0,50.0693,12.2854,455,54,5,3,
12,HARRIS,FREAK,MAT_BF,SEL_KNN,19.346,581,0,50.6386,5.96571,284,31,7,-10,
13,HARRIS,FREAK,MAT_BF,SEL_KNN,17.4551,634,0,51.9317,10.0095,347,53,11,9,
14,HARRIS,FREAK,MAT_BF,SEL_KNN,17.4081,443,0,49.6202,6.44625,347,38,10,10,
15,HARRIS,FREAK,MAT_BF,SEL_KNN,17.8006,1082,0,57.5974,12.3751,281,32,11,8,
16,HARRIS,FREAK,MAT_BF,SEL_KNN,19.3741,817,3,52.5187,20.6413,598,53,12,3,
17,HARRIS,FREAK,MAT_BF,SEL_KNN,17.7322,340,0,48.7829,6.0804,339,38,0,-9,
18,HARRIS,FREAK,MAT_BF,SEL_KNN,19.1671,433,38,48.6176,3.32067,195,21,6,8,

0,HARRIS,SIFT,MAT_BF,SEL_KNN,14.5605,299,0,19.7134,0,0,,,,
1,HARRIS,SIFT,MAT_BF,SEL_KNN,14.6038,820,0,23.7917,12.4298,165,6,-2147483648,12,
2,HARRIS,SIFT,MAT_BF,SEL_KNN,14.8267,319,0,20.0781,11.2796,410,46,10,12,
3,HARRIS,SIFT,MAT_BF,SEL_KNN,17.7058,583,0,24.2279,9.9247,195,20,10,13,
4,HARRIS,SIFT,MAT_BF,SEL_KNN,15.5685,940,0,25.2161,26.0253,319,32,18,7,
5,HARRIS,SIFT,MAT_BF,SEL_KNN,15.8155,913,0,25.7163,40.2971,526,51,11,16,
6,HARRIS,SIFT,MAT_BF,SEL_KNN,16.2547,1008,0,24.5063,41.5854,512,61,10,12,
7,HARRIS,SIFT,MAT_BF,SEL_KNN,17.6882,1149,0,25.6795,50.7842,581,83,10,34,
8,HARRIS,SIFT,MAT_BF,SEL_KNN,17.551,677,0,22.2411,35.2511,626,66,10,9,
9,HARRIS,SIFT,MAT_BF,SEL_KNN,18.1949,364,0,18.8228,12.7592,383,52,0,18,
10,HARRIS,SIFT,MAT_BF,SEL_KNN,17.2693,1028,0,24.1057,17.5921,197,23,10,18,
11,HARRIS,SIFT,MAT_BF,SEL_KNN,18.6109,466,0,22.3146,20.5496,531,59,10,3,
12,HARRIS,SIFT,MAT_BF,SEL_KNN,19.3904,581,0,23.8693,12.1384,314,37,11,-10,
13,HARRIS,SIFT,MAT_BF,SEL_KNN,18.6219,634,0,20.2062,18.4111,375,53,25,9,
14,HARRIS,SIFT,MAT_BF,SEL_KNN,17.6778,443,0,19.3966,13.7918,392,41,11,10,
15,HARRIS,SIFT,MAT_BF,SEL_KNN,17.7237,1082,0,24.0108,22.5661,298,34,11,8,
16,HARRIS,SIFT,MAT_BF,SEL_KNN,18.157,817,3,22.0979,39.882,669,55,8,3,
17,HARRIS,SIFT,MAT_BF,SEL_KNN,18.9105,340,0,17.8609,13.4259,405,48,11,-9,
18,HARRIS,SIFT,MAT_BF,SEL_KNN,18.9661,433,38,20.1719,6.43203,218,23,7,8,

0,FAST,BRISK,MAT_BF,SEL_KNN,3.05614,5275,0,55.6602,0,0,,,,
1,FAST,BRISK,MAT_BF,SEL_KNN,2.78066,5291,0,55.05,538.193,2268,145,12,12,
2,FAST,BRISK,MAT_BF,SEL_KNN,3.16112,5202,0,53.2843,525.905,2222,152,5,12,
3,FAST,BRISK,MAT_BF,SEL_KNN,2.83438,5090,0,52.7368,526.945,2186,164,66,13,
4,FAST,BRISK,MAT_BF,SEL_KNN,2.99951,5118,0,55.0233,511.749,2126,157,10,7,
5,FAST,BRISK,MAT_BF,SEL_KNN,2.79508,5180,0,53.0335,509.081,2235,138,8,16,
6,FAST,BRISK,MAT_BF,SEL_KNN,2.78205,5192,0,53.1339,505.961,2181,149,5,12,
7,FAST,BRISK,MAT_BF,SEL_KNN,2.81078,5177,0,54.2408,513.909,2041,161,12,34,
8,FAST,BRISK,MAT_BF,SEL_KNN,2.97742,5176,0,55.223,518.044,2156,146,51,9,
9,FAST,BRISK,MAT_BF,SEL_KNN,2.8682,5225,0,53.6867,512.672,2097,159,15,18,
10,FAST,BRISK,MAT_BF,SEL_KNN,3.05808,5331,0,56.9715,538.187,2143,169,15,18,
11,FAST,BRISK,MAT_BF,SEL_KNN,2.52689,5351,0,56.1444,553.297,2216,161,13,3,
12,FAST,BRISK,MAT_BF,SEL_KNN,2.91944,5244,0,56.0527,539.591,2248,185,7,-10,
13,FAST,BRISK,MAT_BF,SEL_KNN,2.50732,5231,0,55.6586,524.813,2192,202,16,9,
14,FAST,BRISK,MAT_BF,SEL_KNN,2.59623,5286,0,55.5893,533.224,2241,187,9,10,
15,FAST,BRISK,MAT_BF,SEL_KNN,2.52629,5464,0,61.8574,577.977,2349,175,13,8,
16,FAST,BRISK,MAT_BF,SEL_KNN,2.39399,5464,3,58.8407,580.664,2426,186,9,3,
17,FAST,BRISK,MAT_BF,SEL_KNN,2.39067,5563,0,61.555,591.823,2553,180,11,-9,
18,FAST,BRISK,MAT_BF,SEL_KNN,2.47867,5497,38,58.7887,586.882,2458,169,9,8,

0,FAST,BRIEF,MAT_BF,SEL_KNN,2.68218,5275,0,18.5001,0,0,,,,
1,FAST,BRIEF,MAT_BF,SEL_KNN,2.49358,5291,0,18.8383,425.697,3141,203,8,12,
2,FAST,BRIEF,MAT_BF,SEL_KNN,2.49809,5202,0,18.7312,426.626,3127,209,9,12,
3,FAST,BRIEF,MAT_BF,SEL_KNN,2.45717,5090,0,18.4032,410.578,3072,221,7,13,
4,FAST,BRIEF,MAT_BF,SEL_KNN,2.57508,5118,0,18.182,409.666,3029,204,14,7,
5,FAST,BRIEF,MAT_BF,SEL_KNN,2.39363,5180,0,18.2837,410.725,3102,191,11,16,
6,FAST,BRIEF,MAT_BF,SEL_KNN,2.50906,5192,0,17.7322,403.141,3103,204,7,12,
7,FAST,BRIEF,MAT_BF,SEL_KNN,2.48351,5177,0,17.6993,404.334,2985,215,14,34,
8,FAST,BRIEF,MAT_BF,SEL_KNN,2.54877,5176,0,18.2167,399.036,3021,212,7,9,
9,FAST,BRIEF,MAT_BF,SEL_KNN,2.43268,5225,0,18.3642,400.376,3055,220,10,18,
10,FAST,BRIEF,MAT_BF,SEL_KNN,2.4781,5331,0,18.8878,425.985,3003,225,9,18,
11,FAST,BRIEF,MAT_BF,SEL_KNN,2.56317,5351,0,19.3155,426.662,3075,228,10,3,
12,FAST,BRIEF,MAT_BF,SEL_KNN,2.55047,5244,0,19.1289,425.983,3088,242,529,-10,
13,FAST,BRIEF,MAT_BF,SEL_KNN,2.62848,5231,0,18.907,418.052,3093,246,14,9,
14,FAST,BRIEF,MAT_BF,SEL_KNN,2.52112,5286,0,18.4672,410.877,3065,232,8,10,
15,FAST,BRIEF,MAT_BF,SEL_KNN,2.48516,5464,0,19.58,432.789,3135,239,6,8,
16,FAST,BRIEF,MAT_BF,SEL_KNN,2.54664,5464,3,19.062,462.898,3275,235,11,3,
17,FAST,BRIEF,MAT_BF,SEL_KNN,2.49969,5563,0,18.966,442.379,3318,225,14,-9,
18,FAST,BRIEF,MAT_BF,SEL_KNN,2.46162,5497,38,19.7388,447.242,3329,226,5,8,

0,FAST,ORB,MAT_BF,SEL_KNN,2.47335,5275,0,8.78673,0,0,,,,
1,FAST,ORB,MAT_BF,SEL_KNN,2.47045,5291,0,9.03223,419.924,2897,181,4,12,
2,FAST,ORB,MAT_BF,SEL_KNN,2.44068,5202,0,8.74302,408.245,2833,192,7,12,
3,FAST,ORB,MAT_BF,SEL_KNN,2.40314,5090,0,8.63603,402.395,2853,212,66,13,
4,FAST,ORB,MAT_BF,SEL_KNN,2.56326,5118,0,8.55704,392.643,2781,195,3,7,
5,FAST,ORB,MAT_BF,SEL_KNN,2.60774,5180,0,8.795,404.154,2864,185,17,16,
6,FAST,ORB,MAT_BF,SEL_KNN,2.73842,5192,0,8.5178,395.549,2802,191,10,12,
7,FAST,ORB,MAT_BF,SEL_KNN,2.46792,5177,0,8.64359,391.24,2717,201,9,34,
8,FAST,ORB,MAT_BF,SEL_KNN,2.88428,5176,0,8.5267,386.542,2804,206,11,9,
9,FAST,ORB,MAT_BF,SEL_KNN,2.97446,5225,0,8.75774,396.92,2803,213,10,18,
10,FAST,ORB,MAT_BF,SEL_KNN,2.78443,5331,0,9.86688,411.256,2769,204,10,18,
11,FAST,ORB,MAT_BF,SEL_KNN,2.93244,5351,0,8.78123,412.217,2821,210,13,3,
12,FAST,ORB,MAT_BF,SEL_KNN,2.97931,5244,0,8.9152,420.79,2823,218,32,-10,
13,FAST,ORB,MAT_BF,SEL_KNN,2.44897,5231,0,9.09313,404.385,2830,240,8,9,
14,FAST,ORB,MAT_BF,SEL_KNN,2.88114,5286,0,9.06986,395.63,2830,225,8,10,
15,FAST,ORB,MAT_BF,SEL_KNN,2.78334,5464,0,9.06594,413.14,2912,220,7,8,
16,FAST,ORB,MAT_BF,SEL_KNN,2.79598,5464,3,8.89605,428.125,3072,221,14,3,
17,FAST,ORB,MAT_BF,SEL_KNN,2.58197,5563,0,12.5827,436.915,3054,220,6,-9,
18,FAST,ORB,MAT_BF,SEL_KNN,2.55933,5497,38,9.0275,432.988,3102,216,14,8,

0,FAST,FREAK,MAT_BF,SEL_KNN,2.42906,5275,0,87.584,0,0,,,,
1,FAST,FREAK,MAT_BF,SEL_KNN,2.42461,5291,0,89.6594,488.866,2148,146,33,12,
2,FAST,FREAK,MAT_BF,SEL_KNN,2.40792,5202,0,90.2003,485.165,2185,143,5,12,
3,FAST,FREAK,MAT_BF,SEL_KNN,2.45783,5090,0,88.9739,473.999,2233,158,6,13,
4,FAST,FREAK,MAT_BF,SEL_KNN,2.62754,5118,0,91.1733,467.746,2062,155,13,7,
5,FAST,FREAK,MAT_BF,SEL_KNN,2.34615,5180,0,86.5258,460.546,2205,134,39,16,
6,FAST,FREAK,MAT_BF,SEL_KNN,2.44364,5192,0,88.4172,462.859,2135,144,7,12,
7,FAST,FREAK,MAT_BF,SEL_KNN,2.40427,5177,0,87.7606,458.179,2087,154,10,34,
8,FAST,FREAK,MAT_BF,SEL_KNN,2.40131,5176,0,89.3027,455.107,2097,158,11,9,
9,FAST,FREAK,MAT_BF,SEL_KNN,2.39189,5225,0,89.1499,465.983,2070,157,41,18,
10,FAST,FREAK,MAT_BF,SEL_KNN,2.41412,5331,0,92.0568,483.196,2101,171,12,18,
11,FAST,FREAK,MAT_BF,SEL_KNN,2.4899,5351,0,90.7975,493.036,2208,170,9,3,
12,FAST,FREAK,MAT_BF,SEL_KNN,2.4134,5244,0,89.7963,477.902,2163,175,10,-10,
13,FAST,FREAK,MAT_BF,SEL_KNN,2.55003,5231,0,89.9327,475.808,2147,199,11,9,
14,FAST,FREAK,MAT_BF,SEL_KNN,2.48801,5286,0,92.4124,475.166,2212,172,15,10,
15,FAST,FREAK,MAT_BF,SEL_KNN,2.66204,5464,0,92.099,500.758,2273,174,41,8,
16,FAST,FREAK,MAT_BF,SEL_KNN,2.79195,5464,3,90.8684,504.603,2348,185,4,3,
17,FAST,FREAK,MAT_BF,SEL_KNN,2.87658,5563,0,90.5777,513.494,2397,169,11,-9,
18,FAST,FREAK,MAT_BF,SEL_KNN,2.48305,5497,38,91.3335,516.368,2376,163,21,8,

0,FAST,SIFT,MAT_BF,SEL_KNN,2.59379,5275,0,434.76,0,0,,,,
1,FAST,SIFT,MAT_BF,SEL_KNN,2.78064,5291,0,434.413,1178.49,3457,202,9,12,
2,FAST,SIFT,MAT_BF,SEL_KNN,3.02909,5202,0,425.873,1135.41,3422,214,13,12,
3,FAST,SIFT,MAT_BF,SEL_KNN,3.12759,5090,0,420.632,1125.19,3313,217,6,13,
4,FAST,SIFT,MAT_BF,SEL_KNN,3.16148,5118,0,421.611,1125.84,3308,205,25,7,
5,FAST,SIFT,MAT_BF,SEL_KNN,3.11917,5180,0,425.065,1094.06,3376,208,5,16,
6,FAST,SIFT,MAT_BF,SEL_KNN,2.45771,5192,0,432.208,1134.89,3412,208,14,12,
7,FAST,SIFT,MAT_BF,SEL_KNN,2.42227,5177,0,428.712,1156.48,3330,228,10,34,
8,FAST,SIFT,MAT_BF,SEL_KNN,3.27307,5176,0,426.879,1098.24,3343,213,5,9,
9,FAST,SIFT,MAT_BF,SEL_KNN,3.09969,5225,0,428.366,1145.46,3357,219,11,18,
10,FAST,SIFT,MAT_BF,SEL_KNN,3.13734,5331,0,436.837,1165.84,3394,235,17,18,
11,FAST,SIFT,MAT_BF,SEL_KNN,2.39837,5351,0,439.571,1200,3337,228,22,3,
12,FAST,SIFT,MAT_BF,SEL_KNN,3.51325,5244,0,435.11,1141.62,3389,228,17,-10,
13,FAST,SIFT,MAT_BF,SEL_KNN,3.06502,5231,0,431.704,1146.83,3356,257,10,9,
14,FAST,SIFT,MAT_BF,SEL_KNN,3.19155,5286,0,438.125,1149.11,3477,232,12,10,
15,FAST,SIFT,MAT_BF,SEL_KNN,3.67098,5464,0,452.338,1241.64,3543,240,3,8,
16,FAST,SIFT,MAT_BF,SEL_KNN,3.14377,5464,3,450.653,1278.42,3627,238,15,3,
17,FAST,SIFT,MAT_BF,SEL_KNN,3.2444,5563,0,460.961,1295.67,3627,236,6,-9,
18,FAST,SIFT,MAT_BF,SEL_KNN,3.28733,5497,38,458.376,1291.96,3733,232,20,8,

0,BRISK,BRISK,MAT_BF,SEL_KNN,423.55,2896,0,35.0396,0,0,,,,
1,BRISK,BRISK,MAT_BF,SEL_KNN,429.044,3000,0,35.5576,194.158,1578,107,28,12,
2,BRISK,BRISK,MAT_BF,SEL_KNN,435.736,2974,0,34.7422,199.318,1631,130,15,12,
3,BRISK,BRISK,MAT_BF,SEL_KNN,431.34,2953,0,35.6759,197.429,1589,152,7,13,
4,BRISK,BRISK,MAT_BF,SEL_KNN,424.219,2855,0,33.104,187.065,1510,126,9,7,
5,BRISK,BRISK,MAT_BF,SEL_KNN,429.251,2906,0,33.3048,183.239,1497,103,27,16,
6,BRISK,BRISK,MAT_BF,SEL_KNN,431.621,2886,0,33.8693,191.387,1525,121,7,12,
7,BRISK,BRISK,MAT_BF,SEL_KNN,425.332,2886,0,33.7494,183.649,1500,134,5,34,
8,BRISK,BRISK,MAT_BF,SEL_KNN,421.323,2893,0,34.0078,182.875,1494,126,9,9,
9,BRISK,BRISK,MAT_BF,SEL_KNN,428.509,2930,0,34.2923,186.839,1529,132,190,18,
10,BRISK,BRISK,MAT_BF,SEL_KNN,428.004,3022,0,35.1638,195.242,1497,136,18,18,
11,BRISK,BRISK,MAT_BF,SEL_KNN,430.388,3013,0,35.237,200.765,1564,132,12,3,
12,BRISK,BRISK,MAT_BF,SEL_KNN,423.211,2949,0,34.761,195.543,1562,152,19,-10,
13,BRISK,BRISK,MAT_BF,SEL_KNN,423.204,3012,0,37.4482,196.751,1553,157,19,9,
14,BRISK,BRISK,MAT_BF,SEL_KNN,427.801,3026,0,37.0956,203.815,1588,140,12,10,
15,BRISK,BRISK,MAT_BF,SEL_KNN,436.247,3074,0,38.956,211.947,1682,152,38,8,
16,BRISK,BRISK,MAT_BF,SEL_KNN,443.942,3131,3,38.7201,219.139,1687,141,11,3,
17,BRISK,BRISK,MAT_BF,SEL_KNN,425.651,3135,0,36.6912,215.888,1682,158,4,-9,
18,BRISK,BRISK,MAT_BF,SEL_KNN,438.735,3146,38,38.4532,226.369,1775,166,24,8,

0,BRISK,BRIEF,MAT_BF,SEL_KNN,428.695,2896,0,13.9812,0,0,,,,
1,BRISK,BRIEF,MAT_BF,SEL_KNN,427.993,3000,0,13.4167,176.66,1702,114,9,12,
2,BRISK,BRIEF,MAT_BF,SEL_KNN,428.267,2974,0,13.4664,180.557,1777,137,21,12,
3,BRISK,BRIEF,MAT_BF,SEL_KNN,431.83,2953,0,13.4893,178.303,1805,164,17,13,
4,BRISK,BRIEF,MAT_BF,SEL_KNN,420.546,2855,0,12.5162,169.339,1705,130,9,7,
5,BRISK,BRIEF,MAT_BF,SEL_KNN,425.604,2906,0,13.0334,167.242,1715,126,6,16,
6,BRISK,BRIEF,MAT_BF,SEL_KNN,423.952,2886,0,11.9637,168.995,1747,137,11,12,
7,BRISK,BRIEF,MAT_BF,SEL_KNN,431.401,2886,0,13.3651,172.984,1678,152,10,34,
8,BRISK,BRIEF,MAT_BF,SEL_KNN,422.093,2893,0,13.3235,168.146,1675,131,6,9,
9,BRISK,BRIEF,MAT_BF,SEL_KNN,441.376,2930,0,14.4533,177.396,1737,148,26,18,
10,BRISK,BRIEF,MAT_BF,SEL_KNN,442.567,3022,0,14.6858,182.767,1708,142,9,18,
11,BRISK,BRIEF,MAT_BF,SEL_KNN,424.251,3013,0,13.0934,184.628,1741,130,9,3,
12,BRISK,BRIEF,MAT_BF,SEL_KNN,431.766,2949,0,13.1348,180.879,1742,160,13,-10,
13,BRISK,BRIEF,MAT_BF,SEL_KNN,424.71,3012,0,12.9384,176.783,1721,154,5,9,
14,BRISK,BRIEF,MAT_BF,SEL_KNN,438.311,3026,0,15.2597,188.827,1764,158,5,10,
15,BRISK,BRIEF,MAT_BF,SEL_KNN,449.904,3074,0,14.6226,209.422,1850,160,12,8,
16,BRISK,BRIEF,MAT_BF,SEL_KNN,461.696,3131,3,17.0493,215.758,1838,153,12,3,
17,BRISK,BRIEF,MAT_BF,SEL_KNN,449.104,3135,0,16.356,202.588,1908,190,10,-9,
18,BRISK,BRIEF,MAT_BF,SEL_KNN,442.309,3146,38,15.7429,201.088,1956,171,4,8,

0,BRISK,ORB,MAT_BF,SEL_KNN,423.349,2896,0,11.3059,0,0,,,,
1,BRISK,ORB,MAT_BF,SEL_KNN,434.391,3000,0,11.4253,180.437,1480,108,6,12,
2,BRISK,ORB,MAT_BF,SEL_KNN,420.246,2974,0,11.2979,177.819,1523,122,15,12,
3,BRISK,ORB,MAT_BF,SEL_KNN,439.068,2953,0,12.8243,178.964,1517,138,9,13,
4,BRISK,ORB,MAT_BF,SEL_KNN,435.592,2855,0,11.5961,172.385,1436,111,12,7,
5,BRISK,ORB,MAT_BF,SEL_KNN,423.455,2906,0,12.6188,168.117,1422,104,9,16,
6,BRISK,ORB,MAT_BF,SEL_KNN,419.958,2886,0,11.32,165.868,1436,110,7,12,
7,BRISK,ORB,MAT_BF,SEL_KNN,418.21,2886,0,10.8319,165.459,1415,124,95,34,
8,BRISK,ORB,MAT_BF,SEL_KNN,429.762,2893,0,11.7552,164.683,1431,119,3,9,
9,BRISK,ORB,MAT_BF,SEL_KNN,417.022,2930,0,10.6818,169.019,1440,126,2,18,
10,BRISK,ORB,MAT_BF,SEL_KNN,426.888,3022,0,11.5619,175.656,1463,132,5,18,
11,BRISK,ORB,MAT_BF,SEL_KNN,419.828,3013,0,11.4452,180.702,1456,126,8,3,
12,BRISK,ORB,MAT_BF,SEL_KNN,427.963,2949,0,11.0057,175.257,1481,140,135,-10,
13,BRISK,ORB,MAT_BF,SEL_KNN,440.966,3012,0,12.5649,179.694,1479,133,18,9,
14,BRISK,ORB,MAT_BF,SEL_KNN,439.708,3026,0,11.5841,185.506,1536,143,11,10,
15,BRISK,ORB,MAT_BF,SEL_KNN,443.495,3074,0,12.5203,184.905,1557,147,18,8,
16,BRISK,ORB,MAT_BF,SEL_KNN,427.177,3131,3,11.8184,186.813,1554,127,9,3,
17,BRISK,ORB,MAT_BF,SEL_KNN,426.339,3135,0,12.7511,192.865,1590,152,16,-9,
18,BRISK,ORB,MAT_BF,SEL_KNN,434.996,3146,38,12.7417,198.024,1644,152,5,8,

0,BRISK,FREAK,MAT_BF,SEL_KNN,424.204,2896,0,77.2304,0,0,,,,
1,BRISK,FREAK,MAT_BF,SEL_KNN,431.526,3000,0,75.6436,136.166,1396,102,16,12,
2,BRISK,FREAK,MAT_BF,SEL_KNN,420.812,2974,0,73.3911,134.928,1470,125,8,12,
3,BRISK,FREAK,MAT_BF,SEL_KNN,428.93,2953,0,74.6866,139.072,1477,135,17,13,
4,BRISK,FREAK,MAT_BF,SEL_KNN,428.999,2855,0,76.3713,135.759,1428,119,8,7,
5,BRISK,FREAK,MAT_BF,SEL_KNN,425.652,2906,0,75.6114,133.016,1391,97,12,16,
6,BRISK,FREAK,MAT_BF,SEL_KNN,427.94,2886,0,75.577,135.754,1388,110,12,12,
7,BRISK,FREAK,MAT_BF,SEL_KNN,427.61,2886,0,76.3935,133.829,1364,127,14,34,
8,BRISK,FREAK,MAT_BF,SEL_KNN,426.092,2893,0,75.7603,127.4,1368,117,9,9,
9,BRISK,FREAK,MAT_BF,SEL_KNN,422.067,2930,0,72.8358,129.944,1382,124,23,18,
10,BRISK,FREAK,MAT_BF,SEL_KNN,435.187,3022,0,75.8016,140.375,1370,138,9,18,
11,BRISK,FREAK,MAT_BF,SEL_KNN,428.831,3013,0,74.7994,137.321,1412,123,7,3,
12,BRISK,FREAK,MAT_BF,SEL_KNN,426.346,2949,0,73.5048,129.756,1382,151,15,-10,
13,BRISK,FREAK,MAT_BF,SEL_KNN,436.664,3012,0,75.7232,136.644,1355,137,14,9,
14,BRISK,FREAK,MAT_BF,SEL_KNN,432.801,3026,0,73.9935,135.55,1376,132,13,10,
15,BRISK,FREAK,MAT_BF,SEL_KNN,428.624,3074,0,75.7139,138.219,1475,142,32,8,
16,BRISK,FREAK,MAT_BF,SEL_KNN,426.139,3131,3,73.4669,142.389,1465,139,10,3,
17,BRISK,FREAK,MAT_BF,SEL_KNN,428.457,3135,0,74.1775,145.201,1544,153,20,-9,
18,BRISK,FREAK,MAT_BF,SEL_KNN,425.663,3146,38,76.8239,151.464,1541,142,16,8,

0,BRISK,SIFT,MAT_BF,SEL_KNN,423.981,2896,0,537.925,0,0,,,,
1,BRISK,SIFT,MAT_BF,SEL_KNN,428.603,3000,0,552.812,382.796,1740,112,3,12,
2,BRISK,SIFT,MAT_BF,SEL_KNN,421.282,2974,0,542.929,383.428,1774,126,13,12,
3,BRISK,SIFT,MAT_BF,SEL_KNN,430.756,2953,0,555.785,385.179,1780,151,2,13,
4,BRISK,SIFT,MAT_BF,SEL_KNN,418.864,2855,0,532.38,339.956,1756,130,14,7,
5,BRISK,SIFT,MAT_BF,SEL_KNN,426.552,2906,0,538.269,342.819,1718,111,9,16,
6,BRISK,SIFT,MAT_BF,SEL_KNN,427.628,2886,0,527.39,368.143,1704,124,5,12,
7,BRISK,SIFT,MAT_BF,SEL_KNN,433.247,2886,0,532.268,359.829,1698,137,6,34,
8,BRISK,SIFT,MAT_BF,SEL_KNN,428.435,2893,0,539.02,370.472,1669,125,7,9,
9,BRISK,SIFT,MAT_BF,SEL_KNN,426.699,2930,0,538.625,377.677,1682,145,8,18,
10,BRISK,SIFT,MAT_BF,SEL_KNN,425.312,3022,0,542.65,391.755,1712,151,3,18,
11,BRISK,SIFT,MAT_BF,SEL_KNN,420.135,3013,0,547.824,394.079,1751,129,3,3,
12,BRISK,SIFT,MAT_BF,SEL_KNN,424.468,2949,0,535.997,394.315,1716,166,9,-10,
13,BRISK,SIFT,MAT_BF,SEL_KNN,421.758,3012,0,545.77,392.321,1773,158,3,9,
14,BRISK,SIFT,MAT_BF,SEL_KNN,423.972,3026,0,544.462,380.765,1715,149,3,10,
15,BRISK,SIFT,MAT_BF,SEL_KNN,427.332,3074,0,555.552,405.637,1801,158,14,8,
16,BRISK,SIFT,MAT_BF,SEL_KNN,428.361,3131,3,592.853,420.179,1820,138,12,3,
17,BRISK,SIFT,MAT_BF,SEL_KNN,427.52,3135,0,573.011,429.916,1872,167,1,-9,
18,BRISK,SIFT,MAT_BF,SEL_KNN,429.734,3146,38,576.813,431.745,1897,175,3,8,

0,ORB,BRISK,MAT_BF,SEL_KNN,9.49128,500,0,5.78528,0,0,,,,
1,ORB,BRISK,MAT_BF,SEL_KNN,9.02313,500,0,5.71363,3.61322,311,43,11,12,
2,ORB,BRISK,MAT_BF,SEL_KNN,8.92841,500,0,5.80862,3.80779,290,44,7,12,
3,ORB,BRISK,MAT_BF,SEL_KNN,9.07702,500,0,5.82365,3.82317,298,51,37,13,
4,ORB,BRISK,MAT_BF,SEL_KNN,9.5148,500,0,6.05481,3.91475,291,48,43,7,
5,ORB,BRISK,MAT_BF,SEL_KNN,9.13602,500,0,5.9148,3.78072,316,48,2,16,
6,ORB,BRISK,MAT_BF,SEL_KNN,8.97705,500,0,5.95997,4.16426,318,54,5,12,
7,ORB,BRISK,MAT_BF,SEL_KNN,10.06,500,0,6.11066,4.12957,306,54,14,34,
8,ORB,BRISK,MAT_BF,SEL_KNN,10.1803,500,0,6.48256,4.19529,309,51,12,9,
9,ORB,BRISK,MAT_BF,SEL_KNN,9.71974,500,0,5.91356,3.97178,309,45,39,18,
10,ORB,BRISK,MAT_BF,SEL_KNN,9.3828,500,0,5.76115,4.25091,315,49,12,18,
11,ORB,BRISK,MAT_BF,SEL_KNN,9.52101,500,0,5.70151,3.8951,311,41,17,3,
12,ORB,BRISK,MAT_BF,SEL_KNN,11.2033,500,0,5.85311,4.05975,315,49,25,-10,
13,ORB,BRISK,MAT_BF,SEL_KNN,10.2453,500,0,5.6242,3.81503,316,49,6,9,
14,ORB,BRISK,MAT_BF,SEL_KNN,10.6129,500,0,6.06861,3.95898,300,0,-2147483648,10,
15,ORB,BRISK,MAT_BF,SEL_KNN,9.13067,500,0,5.74135,3.83025,313,43,8,8,
16,ORB,BRISK,MAT_BF,SEL_KNN,10.4512,500,3,6.05458,4.09757,326,52,9,3,
17,ORB,BRISK,MAT_BF,SEL_KNN,9.17937,500,0,6.3613,4.22092,320,49,22,-9,
18,ORB,BRISK,MAT_BF,SEL_KNN,9.60436,500,38,5.98834,4.24144,340,50,16,8,

0,ORB,BRIEF,MAT_BF,SEL_KNN,9.40106,500,0,2.79377,0,0,,,,
1,ORB,BRIEF,MAT_BF,SEL_KNN,9.67598,500,0,4.5543,7.89217,221,27,10,12,
2,ORB,BRIEF,MAT_BF,SEL_KNN,9.13238,500,0,2.669,12.4428,247,35,14,12,
3,ORB,BRIEF,MAT_BF,SEL_KNN,8.81511,500,0,2.57447,12.6258,229,47,7,13,
4,ORB,BRIEF,MAT_BF,SEL_KNN,10.0072,500,0,2.61959,10.9202,222,36,10,7,
5,ORB,BRIEF,MAT_BF,SEL_KNN,10.352,500,0,2.713,9.7913,248,33,6,16,
6,ORB,BRIEF,MAT_BF,SEL_KNN,9.19498,500,0,2.78741,12.6464,233,28,10,12,
7,ORB,BRIEF,MAT_BF,SEL_KNN,9.30131,500,0,3.02186,8.85541,234,42,12,34,
8,ORB,BRIEF,MAT_BF,SEL_KNN,9.99954,500,0,2.58949,11.4789,244,42,33,9,
9,ORB,BRIEF,MAT_BF,SEL_KNN,11.0847,500,0,4.30439,5.40095,242,38,5061626,18,
10,ORB,BRIEF,MAT_BF,SEL_KNN,9.22647,500,0,2.64171,12.5603,223,38,3,18,
11,ORB,BRIEF,MAT_BF,SEL_KNN,9.34321,500,0,2.65359,11.8402,226,26,15,3,
12,ORB,BRIEF,MAT_BF,SEL_KNN,9.51171,500,0,2.68117,9.2332,252,33,21,-10,
13,ORB,BRIEF,MAT_BF,SEL_KNN,10.0317,500,0,2.64952,10.951,229,27,9,9,
14,ORB,BRIEF,MAT_BF,SEL_KNN,9.88681,500,0,2.67375,11.6218,238,42,9,10,
15,ORB,BRIEF,MAT_BF,SEL_KNN,11.1333,500,0,2.82178,9.48662,262,30,13,8,
16,ORB,BRIEF,MAT_BF,SEL_KNN,9.38921,500,3,2.6485,12.6075,219,32,9,3,
17,ORB,BRIEF,MAT_BF,SEL_KNN,9.41057,500,0,2.62323,12.5449,223,30,20,-9,
18,ORB,BRIEF,MAT_BF,SEL_KNN,10.4016,500,38,2.75163,11.5008,240,28,21,8,

0,ORB,ORB,MAT_BF,SEL_KNN,9.52867,500,0,8.42102,0,0,,,,
1,ORB,ORB,MAT_BF,SEL_KNN,9.1883,500,0,8.4517,7.85043,330,39,13,12,
2,ORB,ORB,MAT_BF,SEL_KNN,9.64195,500,0,8.09515,7.90705,321,43,6,12,
3,ORB,ORB,MAT_BF,SEL_KNN,9.13504,500,0,7.40461,8.32297,327,52,8,13,
4,ORB,ORB,MAT_BF,SEL_KNN,9.11582,500,0,7.38182,8.31017,320,47,21,7,
5,ORB,ORB,MAT_BF,SEL_KNN,9.11374,500,0,7.35474,8.31974,318,37,19,16,
6,ORB,ORB,MAT_BF,SEL_KNN,9.25408,500,0,8.22457,8.07996,343,48,3,12,
7,ORB,ORB,MAT_BF,SEL_KNN,9.84818,500,0,8.02979,7.83551,327,55,4,34,
8,ORB,ORB,MAT_BF,SEL_KNN,10.4632,500,0,7.60475,5.50095,344,53,4,9,
9,ORB,ORB,MAT_BF,SEL_KNN,8.9703,500,0,7.27004,8.48792,343,52,11,18,
10,ORB,ORB,MAT_BF,SEL_KNN,12.393,500,0,6.6782,5.54722,320,40,10,18,
11,ORB,ORB,MAT_BF,SEL_KNN,9.92384,500,0,8.08969,7.95494,325,41,5,3,
12,ORB,ORB,MAT_BF,SEL_KNN,10.3664,500,0,8.07384,5.55964,325,48,25,-10,
13,ORB,ORB,MAT_BF,SEL_KNN,9.93064,500,0,7.80648,7.58107,309,49,12,9,
14,ORB,ORB,MAT_BF,SEL_KNN,9.33934,500,0,7.32508,8.41565,345,52,9,10,
15,ORB,ORB,MAT_BF,SEL_KNN,10.0533,500,0,7.8211,7.76886,335,47,21,8,
16,ORB,ORB,MAT_BF,SEL_KNN,10.7502,500,3,8.73809,7.55948,312,47,10,3,
17,ORB,ORB,MAT_BF,SEL_KNN,9.42892,500,0,7.27629,8.51529,344,51,18,-9,
18,ORB,ORB,MAT_BF,SEL_KNN,11.2209,500,38,7.4137,5.53862,330,45,6,8,

0,ORB,FREAK,MAT_BF,SEL_KNN,8.90051,500,0,54.4591,0,0,,,,
1,ORB,FREAK,MAT_BF,SEL_KNN,11.2489,500,0,54.9858,0.766098,109,18,10,12,
2,ORB,FREAK,MAT_BF,SEL_KNN,9.69596,500,0,53.4719,0.834474,123,32,9,12,
3,ORB,FREAK,MAT_BF,SEL_KNN,9.31314,500,0,52.135,0.900578,128,29,30,13,
4,ORB,FREAK,MAT_BF,SEL_KNN,9.3435,500,0,52.3962,0.846409,136,27,7,7,
5,ORB,FREAK,MAT_BF,SEL_KNN,8.99391,500,0,52.4852,0.851222,110,24,0,16,
6,ORB,FREAK,MAT_BF,SEL_KNN,8.91262,500,0,52.074,0.897112,132,36,66,12,
7,ORB,FREAK,MAT_BF,SEL_KNN,9.3186,500,0,58.3366,0.943275,136,33,20,34,
8,ORB,FREAK,MAT_BF,SEL_KNN,10.5064,500,0,52.8233,1.0264,135,29,11,9,
9,ORB,FREAK,MAT_BF,SEL_KNN,9.81569,500,0,52.1712,1.01289,144,30,9,18,
10,ORB,FREAK,MAT_BF,SEL_KNN,10.4922,500,0,54.903,1.05731,146,25,-14,18,
11,ORB,FREAK,MAT_BF,SEL_KNN,10.0988,500,0,53.9927,1.06957,149,26,7,3,
12,ORB,FREAK,MAT_BF,SEL_KNN,10.4038,500,0,53.9929,1.1545,155,25,17,-10,
13,ORB,FREAK,MAT_BF,SEL_KNN,10.0332,500,0,53.3195,1.02521,139,0,-2147483648,9,
14,ORB,FREAK,MAT_BF,SEL_KNN,10.6975,500,0,55.8421,1.15179,151,0,-2147483648,10,
15,ORB,FREAK,MAT_BF,SEL_KNN,9.71079,500,0,55.8189,1.05306,160,0,-2147483648,8,
16,ORB,FREAK,MAT_BF,SEL_KNN,9.4674,500,3,54.0783,1.06191,144,0,-2147483648,3,
17,ORB,FREAK,MAT_BF,SEL_KNN,9.92002,500,0,54.9958,1.04131,137,0,-2147483648,-9,
18,ORB,FREAK,MAT_BF,SEL_KNN,9.55537,500,38,55.0295,1.0194,154,0,-2147483648,8,

0,ORB,SIFT,MAT_BF,SEL_KNN,12.415,500,0,253.875,0,0,,,,
1,ORB,SIFT,MAT_BF,SEL_KNN,9.19968,500,0,249.87,12.5967,374,42,37,12,
2,ORB,SIFT,MAT_BF,SEL_KNN,9.89104,500,0,252.384,12.1948,361,45,54,12,
3,ORB,SIFT,MAT_BF,SEL_KNN,9.2823,500,0,254.605,12.3518,366,51,10,13,
4,ORB,SIFT,MAT_BF,SEL_KNN,8.9391,500,0,256.126,12.5275,372,51,0,7,
5,ORB,SIFT,MAT_BF,SEL_KNN,9.04296,500,0,253.322,12.3136,375,48,10,16,
6,ORB,SIFT,MAT_BF,SEL_KNN,9.60173,500,0,257.604,12.3566,381,58,0,12,
7,ORB,SIFT,MAT_BF,SEL_KNN,8.94624,500,0,262.526,12.3443,378,59,74,34,
8,ORB,SIFT,MAT_BF,SEL_KNN,9.27207,500,0,281.309,12.2648,372,61,4,9,
9,ORB,SIFT,MAT_BF,SEL_KNN,9.53329,500,0,265.485,12.3423,352,48,3,18,
10,ORB,SIFT,MAT_BF,SEL_KNN,9.29735,500,0,256.847,10.3636,355,42,4,18,
11,ORB,SIFT,MAT_BF,SEL_KNN,10.0137,500,0,260.914,12.6812,377,43,7,3,
12,ORB,SIFT,MAT_BF,SEL_KNN,9.75249,500,0,256.63,12.6573,394,51,2,-10,
13,ORB,SIFT,MAT_BF,SEL_KNN,10.1183,500,0,262.255,12.7148,377,47,7,9,
14,ORB,SIFT,MAT_BF,SEL_KNN,10.1941,500,0,258.207,12.6011,393,58,8,10,
15,ORB,SIFT,MAT_BF,SEL_KNN,9.42106,500,0,260.542,12.5768,383,46,26,8,
16,ORB,SIFT,MAT_BF,SEL_KNN,10.1169,500,3,259.297,12.2771,368,55,3,3,
17,ORB,SIFT,MAT_BF,SEL_KNN,9.27371,500,0,256.276,12.4012,360,48,38,-9,
18,ORB,SIFT,MAT_BF,SEL_KNN,9.7169,500,38,261.193,12.4817,369,53,4,8,

0,AKAZE,BRISK,MAT_BF,SEL_KNN,106.571,1513,0,18.7445,0,0,,,,
1,AKAZE,BRISK,MAT_BF,SEL_KNN,85.5092,1541,0,17.4718,54.5113,973,93,13,12,
2,AKAZE,BRISK,MAT_BF,SEL_KNN,83.7815,1529,0,16.8844,54.8986,965,98,18,12,
3,AKAZE,BRISK,MAT_BF,SEL_KNN,88.4689,1561,0,18.1672,58.7997,988,102,11,13,
4,AKAZE,BRISK,MAT_BF,SEL_KNN,87.5272,1545,0,17.6843,56.4111,975,103,10,7,
5,AKAZE,BRISK,MAT_BF,SEL_KNN,83.6796,1526,0,17.1243,55.5901,972,98,11,16,
6,AKAZE,BRISK,MAT_BF,SEL_KNN,83.1201,1566,0,17.4592,55.4857,1003,98,26,12,
7,AKAZE,BRISK,MAT_BF,SEL_KNN,82.2936,1529,0,17.3269,54.1687,1010,112,11,34,
8,AKAZE,BRISK,MAT_BF,SEL_KNN,81.6776,1547,0,17.4241,55.7352,994,116,13,9,
9,AKAZE,BRISK,MAT_BF,SEL_KNN,81.6893,1572,0,17.2601,56.7394,1007,113,9,18,
10,AKAZE,BRISK,MAT_BF,SEL_KNN,82.1246,1567,0,17.2583,57.268,1008,122,11,18,
11,AKAZE,BRISK,MAT_BF,SEL_KNN,83.2055,1538,0,18.2315,57.3412,987,109,74,3,
12,AKAZE,BRISK,MAT_BF,SEL_KNN,82.4305,1513,0,18.1114,55.3302,979,111,9,-10,
13,AKAZE,BRISK,MAT_BF,SEL_KNN,81.992,1538,0,16.9359,54.1386,986,108,8,9,
14,AKAZE,BRISK,MAT_BF,SEL_KNN,88.3813,1555,0,17.5799,53.8563,1028,104,9,10,
15,AKAZE,BRISK,MAT_BF,SEL_KNN,83.7569,1544,0,17.9112,57.0616,1060,100,9,8,
16,AKAZE,BRISK,MAT_BF,SEL_KNN,92.9658,1563,3,19.3282,56.2526,1040,111,11,3,
17,AKAZE,BRISK,MAT_BF,SEL_KNN,88.7906,1561,0,19.1573,58.4916,1103,110,8,-9,
18,AKAZE,BRISK,MAT_BF,SEL_KNN,97.0417,1569,38,18.1814,57.7902,1073,109,10,8,

0,AKAZE,BRIEF,MAT_BF,SEL_KNN,82.9111,1513,0,6.27391,0,0,,,,
1,AKAZE,BRIEF,MAT_BF,SEL_KNN,81.0919,1541,0,6.09054,48.7339,1073,95,10,12,
2,AKAZE,BRIEF,MAT_BF,SEL_KNN,82.9207,1529,0,6.13659,49.2846,1091,113,14,12,
3,AKAZE,BRIEF,MAT_BF,SEL_KNN,88.3309,1561,0,6.75588,51.702,1109,111,26,13,
4,AKAZE,BRIEF,MAT_BF,SEL_KNN,83.5119,1545,0,6.11268,50.2931,1116,112,19,7,
5,AKAZE,BRIEF,MAT_BF,SEL_KNN,87.5475,1526,0,6.49579,50.2805,1102,111,34,16,
6,AKAZE,BRIEF,MAT_BF,SEL_KNN,88.1961,1566,0,6.74052,51.7739,1121,111,16,12,
7,AKAZE,BRIEF,MAT_BF,SEL_KNN,90.5008,1529,0,6.35148,51.9301,1082,119,14,34,
8,AKAZE,BRIEF,MAT_BF,SEL_KNN,87.7378,1547,0,6.29435,50.0951,1119,125,16,9,
9,AKAZE,BRIEF,MAT_BF,SEL_KNN,105.379,1572,0,6.68505,53.5106,1120,122,34,18,
10,AKAZE,BRIEF,MAT_BF,SEL_KNN,87.7312,1567,0,6.33221,52.4383,1107,122,18,18,
11,AKAZE,BRIEF,MAT_BF,SEL_KNN,101.339,1538,0,6.47806,67.1936,1119,118,8,3,
12,AKAZE,BRIEF,MAT_BF,SEL_KNN,82.9062,1513,0,6.33736,49.8047,1104,128,8,-10,
13,AKAZE,BRIEF,MAT_BF,SEL_KNN,90.1748,1538,0,6.2971,48.8943,1135,122,12,9,
14,AKAZE,BRIEF,MAT_BF,SEL_KNN,91.375,1555,0,6.51934,50.7139,1165,115,8,10,
15,AKAZE,BRIEF,MAT_BF,SEL_KNN,91.1799,1544,0,6.35271,50.5922,1170,122,6,8,
16,AKAZE,BRIEF,MAT_BF,SEL_KNN,93.2597,1563,3,7.67583,54.7234,1163,119,10,3,
17,AKAZE,BRIEF,MAT_BF,SEL_KNN,89.3335,1561,0,6.34159,52.1108,1191,115,4,-9,
18,AKAZE,BRIEF,MAT_BF,SEL_KNN,92.5742,1569,38,6.21777,53.1041,1197,119,7,8,

0,AKAZE,ORB,MAT_BF,SEL_KNN,86.7359,1513,0,6.56906,0,0,,,,
1,AKAZE,ORB,MAT_BF,SEL_KNN,83.2445,1541,0,6.20437,49.5356,924,87,14,12,
2,AKAZE,ORB,MAT_BF,SEL_KNN,88.7107,1529,0,6.27921,50.5476,933,100,11,12,
3,AKAZE,ORB,MAT_BF,SEL_KNN,89.3883,1561,0,6.41856,52.669,958,103,11,13,
4,AKAZE,ORB,MAT_BF,SEL_KNN,88.9942,1545,0,6.32076,51.4968,944,97,13,7,
5,AKAZE,ORB,MAT_BF,SEL_KNN,89.8422,1526,0,6.266,50.2331,960,98,26,16,
6,AKAZE,ORB,MAT_BF,SEL_KNN,85.8265,1566,0,6.67751,52.9224,958,93,15,12,
7,AKAZE,ORB,MAT_BF,SEL_KNN,83.0881,1529,0,6.262,51.3182,1001,122,12,34,
8,AKAZE,ORB,MAT_BF,SEL_KNN,88.2497,1547,0,6.15617,49.7189,990,117,16,9,
9,AKAZE,ORB,MAT_BF,SEL_KNN,84.0717,1572,0,6.20508,50.9761,968,110,13,18,
10,AKAZE,ORB,MAT_BF,SEL_KNN,88.2049,1567,0,6.21909,51.2159,1002,122,9,18,
11,AKAZE,ORB,MAT_BF,SEL_KNN,88.8244,1538,0,6.37732,52.1583,953,105,10,3,
12,AKAZE,ORB,MAT_BF,SEL_KNN,83.6845,1513,0,6.20978,49.1031,957,112,14,-10,
13,AKAZE,ORB,MAT_BF,SEL_KNN,91.5978,1538,0,6.7182,49.5458,951,108,10,9,
14,AKAZE,ORB,MAT_BF,SEL_KNN,87.4241,1555,0,6.23328,50.0921,1018,106,10,10,
15,AKAZE,ORB,MAT_BF,SEL_KNN,92.7618,1544,0,6.40814,51.3634,1021,108,10,8,
16,AKAZE,ORB,MAT_BF,SEL_KNN,95.1389,1563,3,6.35221,50.6283,1015,106,5,3,
17,AKAZE,ORB,MAT_BF,SEL_KNN,91.7899,1561,0,6.34734,53.2439,1052,106,13,-9,
18,AKAZE,ORB,MAT_BF,SEL_KNN,99.2025,1569,38,6.42265,52.5395,1047,103,9,8,

0,AKAZE,FREAK,MAT_BF,SEL_KNN,95.2804,1513,0,64.7034,0,0,,,,
1,AKAZE,FREAK,MAT_BF,SEL_KNN,90.8236,1541,0,63.3798,55.2675,915,86,9,12,
2,AKAZE,FREAK,MAT_BF,SEL_KNN,91.3571,1529,0,66.1598,56.0103,910,92,9,12,
3,AKAZE,FREAK,MAT_BF,SEL_KNN,83.3202,1561,0,63.2647,56.5417,969,105,15,13,
4,AKAZE,FREAK,MAT_BF,SEL_KNN,88.174,1545,0,62.9587,56.3218,935,100,14,7,
5,AKAZE,FREAK,MAT_BF,SEL_KNN,89.0774,1526,0,65.1996,58.9255,900,95,11,16,
6,AKAZE,FREAK,MAT_BF,SEL_KNN,91.263,1566,0,66.4475,58.8109,947,98,13,12,
7,AKAZE,FREAK,MAT_BF,SEL_KNN,89.6545,1529,0,64.6287,56.769,984,120,15,34,
8,AKAZE,FREAK,MAT_BF,SEL_KNN,83.6239,1547,0,63.3432,55.3012,959,112,14,9,
9,AKAZE,FREAK,MAT_BF,SEL_KNN,85.4033,1572,0,63.6226,58.1318,961,104,12,18,
10,AKAZE,FREAK,MAT_BF,SEL_KNN,84.8479,1567,0,65.2208,57.4576,970,116,9,18,
11,AKAZE,FREAK,MAT_BF,SEL_KNN,89.4977,1538,0,65.3022,57.0703,935,103,18,3,
12,AKAZE,FREAK,MAT_BF,SEL_KNN,85.1828,1513,0,63.946,56.1641,961,105,9,-10,
13,AKAZE,FREAK,MAT_BF,SEL_KNN,91.1539,1538,0,62.9083,55.9245,964,109,15,9,
14,AKAZE,FREAK,MAT_BF,SEL_KNN,88.6251,1555,0,60.6048,56.5421,1010,111,6,10,
15,AKAZE,FREAK,MAT_BF,SEL_KNN,88.1486,1544,0,57.5798,56.5379,1028,105,12,8,
16,AKAZE,FREAK,MAT_BF,SEL_KNN,93.3178,1563,3,61.006,56.9863,1011,104,5,3,
17,AKAZE,FREAK,MAT_BF,SEL_KNN,88.3249,1561,0,61.6927,57.2363,1027,100,18,-9,
18,AKAZE,FREAK,MAT_BF,SEL_KNN,96.5878,1569,38,59.8874,57.1763,1054,104,12,8,

0,AKAZE,AKAZE,MAT_BF,SEL_KNN,82.7312,1513,0,97.7325,0,0,,,,
1,AKAZE,AKAZE,MAT_BF,SEL_KNN,86.9871,1541,0,96.7999,60.7051,1103,98,19,12,
2,AKAZE,AKAZE,MAT_BF,SEL_KNN,84.8318,1529,0,100.891,63.4093,1073,102,9,12,
3,AKAZE,AKAZE,MAT_BF,SEL_KNN,87.3111,1561,0,100.79,62.9264,1126,117,10,13,
4,AKAZE,AKAZE,MAT_BF,SEL_KNN,81.8506,1545,0,97.0468,62.5918,1126,107,14,7,
5,AKAZE,AKAZE,MAT_BF,SEL_KNN,87.6321,1526,0,97.9148,62.799,1117,103,12,16,
6,AKAZE,AKAZE,MAT_BF,SEL_KNN,87.5939,1566,0,101.203,62.9082,1118,99,12,12,
7,AKAZE,AKAZE,MAT_BF,SEL_KNN,89.6094,1529,0,97.0943,63.9176,1147,121,13,34,
8,AKAZE,AKAZE,MAT_BF,SEL_KNN,86.2594,1547,0,97.0485,62.4569,1148,123,25,9,
9,AKAZE,AKAZE,MAT_BF,SEL_KNN,87.8968,1572,0,99.8911,63.9407,1120,119,21,18,
10,AKAZE,AKAZE,MAT_BF,SEL_KNN,84.4102,1567,0,96.8487,66.0469,1149,126,9,18,
11,AKAZE,AKAZE,MAT_BF,SEL_KNN,89.4197,1538,0,101.077,64.3795,1083,114,17,3,
12,AKAZE,AKAZE,MAT_BF,SEL_KNN,88.773,1513,0,97.4729,60.7151,1087,121,9,-10,
13,AKAZE,AKAZE,MAT_BF,SEL_KNN,84.8414,1538,0,100.22,61.1012,1071,114,11,9,
14,AKAZE,AKAZE,MAT_BF,SEL_KNN,88.6608,1555,0,100.739,62.12,1138,119,27,10,
15,AKAZE,AKAZE,MAT_BF,SEL_KNN,85.4688,1544,0,99.4774,64.6006,1119,111,7,8,
16,AKAZE,AKAZE,MAT_BF,SEL_KNN,87.6374,1563,3,101.521,63.0233,1132,118,13,3,
17,AKAZE,AKAZE,MAT_BF,SEL_KNN,94.0179,1561,0,96.9843,63.1752,1152,113,10,-9,
18,AKAZE,AKAZE,MAT_BF,SEL_KNN,93.4657,1569,38,99.5464,63.4829,1161,112,13,8,

0,AKAZE,SIFT,MAT_BF,SEL_KNN,82.0993,1513,0,124.959,0,0,,,,
1,AKAZE,SIFT,MAT_BF,SEL_KNN,93.2558,1541,0,133.712,110.727,1136,102,33,12,
2,AKAZE,SIFT,MAT_BF,SEL_KNN,84.8598,1529,0,150.247,104.391,1150,113,12,12,
3,AKAZE,SIFT,MAT_BF,SEL_KNN,89.9063,1561,0,131.182,109.196,1166,121,16,13,
4,AKAZE,SIFT,MAT_BF,SEL_KNN,84.3736,1545,0,128.113,108.83,1147,106,8,7,
5,AKAZE,SIFT,MAT_BF,SEL_KNN,86.6769,1526,0,129.708,108.368,1146,105,13,16,
6,AKAZE,SIFT,MAT_BF,SEL_KNN,82.2825,1566,0,133.611,108.747,1138,102,11,12,
7,AKAZE,SIFT,MAT_BF,SEL_KNN,82.4466,1529,0,129.033,110.286,1159,123,17,34,
8,AKAZE,SIFT,MAT_BF,SEL_KNN,83.2569,1547,0,130.175,106.135,1169,122,22,9,
9,AKAZE,SIFT,MAT_BF,SEL_KNN,82.8185,1572,0,131.19,110.711,1161,122,272,18,
10,AKAZE,SIFT,MAT_BF,SEL_KNN,82.535,1567,0,129.555,112.793,1209,131,24,18,
11,AKAZE,SIFT,MAT_BF,SEL_KNN,82.7462,1538,0,126.589,106.478,1149,119,17,3,
12,AKAZE,SIFT,MAT_BF,SEL_KNN,83.5392,1513,0,125.946,102.18,1134,126,7,-10,
13,AKAZE,SIFT,MAT_BF,SEL_KNN,83.995,1538,0,125.656,103.223,1145,122,8,9,
14,AKAZE,SIFT,MAT_BF,SEL_KNN,92.8502,1555,0,130.767,111.409,1181,123,8,10,
15,AKAZE,SIFT,MAT_BF,SEL_KNN,105.13,1544,0,137.121,117.032,1183,117,2,8,
16,AKAZE,SIFT,MAT_BF,SEL_KNN,96.1531,1563,3,132.629,108.818,1221,126,5,3,
17,AKAZE,SIFT,MAT_BF,SEL_KNN,98.1131,1561,0,134.46,106.806,1210,116,10,-9,
18,AKAZE,SIFT,MAT_BF,SEL_KNN,93.9988,1569,38,127.145,108.534,1215,119,7,8,

0,SIFT,BRISK,MAT_BF,SEL_KNN,172.988,1890,0,21.4279,0,0,,,,
1,SIFT,BRISK,MAT_BF,SEL_KNN,167.23,1915,0,22.1359,79.4828,731,60,11,12,
2,SIFT,BRISK,MAT_BF,SEL_KNN,165.655,1824,0,20.4637,78.982,733,68,18,12,
3,SIFT,BRISK,MAT_BF,SEL_KNN,166.798,1837,0,20.5432,73.171,743,82,8,13,
4,SIFT,BRISK,MAT_BF,SEL_KNN,159.457,1828,0,20.599,71.9978,723,68,26,7,
5,SIFT,BRISK,MAT_BF,SEL_KNN,161.929,1875,0,20.9325,71.773,734,62,8,16,
6,SIFT,BRISK,MAT_BF,SEL_KNN,161.055,1931,0,20.6495,73.2724,708,73,11,12,
7,SIFT,BRISK,MAT_BF,SEL_KNN,161.551,1963,0,22.0201,80.1046,758,82,11,34,
8,SIFT,BRISK,MAT_BF,SEL_KNN,164.564,1954,0,21.4181,79.8093,736,84,15,9,
9,SIFT,BRISK,MAT_BF,SEL_KNN,171.69,1983,0,21.9282,80.5893,737,82,11,18,
10,SIFT,BRISK,MAT_BF,SEL_KNN,167.191,2043,0,21.7994,80.9835,753,65,7,18,
11,SIFT,BRISK,MAT_BF,SEL_KNN,167.032,2065,0,21.8867,84.4379,764,63,16,3,
12,SIFT,BRISK,MAT_BF,SEL_KNN,164.537,2007,0,21.5614,84.4401,773,66,7,-10,
13,SIFT,BRISK,MAT_BF,SEL_KNN,168.938,2030,0,22.0446,86.2652,789,66,12,9,
14,SIFT,BRISK,MAT_BF,SEL_KNN,179.561,2048,0,22.1278,86.2286,813,69,7,10,
15,SIFT,BRISK,MAT_BF,SEL_KNN,163.811,2044,0,21.9168,87.3476,844,64,9,8,
16,SIFT,BRISK,MAT_BF,SEL_KNN,167.661,2086,3,23.6154,89.9842,829,74,5,3,
17,SIFT,BRISK,MAT_BF,SEL_KNN,163.507,2093,0,23.7613,90.9423,897,57,10,-9,
18,SIFT,BRISK,MAT_BF,SEL_KNN,166.351,2159,38,24.8223,98.4209,859,58,7,8,

0,SIFT,BRIEF,MAT_BF,SEL_KNN,164.476,1890,0,6.98988,0,0,,,,
1,SIFT,BRIEF,MAT_BF,SEL_KNN,163.4,1915,0,8.00495,62.6955,908,73,8,12,
2,SIFT,BRIEF,MAT_BF,SEL_KNN,165.447,1824,0,6.8692,61.2322,858,82,6,12,
3,SIFT,BRIEF,MAT_BF,SEL_KNN,164.746,1837,0,6.99947,59.8905,878,88,13,13,
4,SIFT,BRIEF,MAT_BF,SEL_KNN,167.371,1828,0,6.63995,59.2396,904,82,24,7,
5,SIFT,BRIEF,MAT_BF,SEL_KNN,163.002,1875,0,7.07205,60.9165,856,70,8,16,
6,SIFT,BRIEF,MAT_BF,SEL_KNN,166.619,1931,0,7.39051,62.7031,893,87,14,12,
7,SIFT,BRIEF,MAT_BF,SEL_KNN,162.623,1963,0,7.23792,64.1914,904,93,15,34,
8,SIFT,BRIEF,MAT_BF,SEL_KNN,163.506,1954,0,7.09949,64.8802,915,91,4,9,
9,SIFT,BRIEF,MAT_BF,SEL_KNN,162.41,1983,0,7.30506,66.1031,881,92,17,18,
10,SIFT,BRIEF,MAT_BF,SEL_KNN,161.685,2043,0,7.32081,66.4454,909,76,13,18,
11,SIFT,BRIEF,MAT_BF,SEL_KNN,164.093,2065,0,7.60825,69.8514,920,77,15,3,
12,SIFT,BRIEF,MAT_BF,SEL_KNN,170.724,2007,0,7.48553,71.4036,919,79,8,-10,
13,SIFT,BRIEF,MAT_BF,SEL_KNN,164.706,2030,0,7.71726,69.7606,937,76,9,9,
14,SIFT,BRIEF,MAT_BF,SEL_KNN,167.503,2048,0,7.71869,70.3463,1010,76,9,10,
15,SIFT,BRIEF,MAT_BF,SEL_KNN,164.941,2044,0,7.67099,71.4767,978,66,10,8,
16,SIFT,BRIEF,MAT_BF,SEL_KNN,166.555,2086,3,8.05216,74.8351,962,82,7,3,
17,SIFT,BRIEF,MAT_BF,SEL_KNN,164.968,2093,0,7.17293,72.156,980,60,13,-9,
18,SIFT,BRIEF,MAT_BF,SEL_KNN,165.954,2159,38,7.71323,74.9391,1010,69,14,8,

0,SIFT,FREAK,MAT_BF,SEL_KNN,162.742,1890,0,62.5621,0,0,,,,
1,SIFT,FREAK,MAT_BF,SEL_KNN,164.219,1915,0,62.8597,67.3805,698,56,13,12,
2,SIFT,FREAK,MAT_BF,SEL_KNN,159.7,1824,0,61.6349,63.2381,697,67,9,12,
3,SIFT,FREAK,MAT_BF,SEL_KNN,164.179,1837,0,63.5959,63.1321,699,74,14,13,
4,SIFT,FREAK,MAT_BF,SEL_KNN,158.321,1828,0,63.0676,61.6443,692,66,22,7,
5,SIFT,FREAK,MAT_BF,SEL_KNN,162.379,1875,0,64.1486,65.953,685,62,22,16,
6,SIFT,FREAK,MAT_BF,SEL_KNN,164.436,1931,0,64.1738,66.8748,692,76,33,12,
7,SIFT,FREAK,MAT_BF,SEL_KNN,163.277,1963,0,62.9817,67.443,706,78,11,34,
8,SIFT,FREAK,MAT_BF,SEL_KNN,161.985,1954,0,62.307,71.0942,711,85,6,9,
9,SIFT,FREAK,MAT_BF,SEL_KNN,161.681,1983,0,64.3663,68.3173,687,72,23,18,
10,SIFT,FREAK,MAT_BF,SEL_KNN,165.523,2043,0,63.5572,71.1989,723,70,9,18,
11,SIFT,FREAK,MAT_BF,SEL_KNN,163.538,2065,0,63.5313,73.9403,707,61,10,3,
12,SIFT,FREAK,MAT_BF,SEL_KNN,161.385,2007,0,63.2573,75.047,741,61,10,-10,
13,SIFT,FREAK,MAT_BF,SEL_KNN,168.553,2030,0,64.1925,73.4244,729,58,10,9,
14,SIFT,FREAK,MAT_BF,SEL_KNN,167.25,2048,0,62.7488,74.1331,759,61,14,10,
15,SIFT,FREAK,MAT_BF,SEL_KNN,165.833,2044,0,63.8493,76.6669,763,56,15,8,
16,SIFT,FREAK,MAT_BF,SEL_KNN,162.505,2086,3,62.4123,76.3009,794,75,8,3,
17,SIFT,FREAK,MAT_BF,SEL_KNN,164.865,2093,0,64.2858,78.1564,804,52,8,-9,
18,SIFT,FREAK,MAT_BF,SEL_KNN,165.869,2159,38,66.1506,82.757,811,61,7,8,

0,SIFT,SIFT,MAT_BF,SEL_KNN,164.482,1890,0,195.515,0,0,,,,
1,SIFT,SIFT,MAT_BF,SEL_KNN,161.737,1915,0,194.201,168.732,1030,86,6,12,
2,SIFT,SIFT,MAT_BF,SEL_KNN,160.637,1824,0,190.205,154.06,987,83,6,12,
3,SIFT,SIFT,MAT_BF,SEL_KNN,167.771,1837,0,195.631,151.661,972,99,5,13,
4,SIFT,SIFT,MAT_BF,SEL_KNN,215.713,1828,0,193.278,154.045,964,90,20,7,
5,SIFT,SIFT,MAT_BF,SEL_KNN,160.471,1875,0,193.91,150.891,988,88,13,16,
6,SIFT,SIFT,MAT_BF,SEL_KNN,164.907,1931,0,193.628,162.056,967,91,10,12,
7,SIFT,SIFT,MAT_BF,SEL_KNN,163.902,1963,0,196.019,158.825,1011,104,10,34,
8,SIFT,SIFT,MAT_BF,SEL_KNN,161.15,1954,0,195.654,167.255,1036,102,10,9,
9,SIFT,SIFT,MAT_BF,SEL_KNN,164.935,1983,0,198.402,177.162,1008,115,23,18,
10,SIFT,SIFT,MAT_BF,SEL_KNN,164.033,2043,0,202.494,184.323,1003,87,6,18,
11,SIFT,SIFT,MAT_BF,SEL_KNN,166.056,2065,0,200.884,186.442,1084,89,15,3,
12,SIFT,SIFT,MAT_BF,SEL_KNN,163.292,2007,0,200.767,180.274,1060,96,23,-10,
13,SIFT,SIFT,MAT_BF,SEL_KNN,164.906,2030,0,199.321,180.25,1107,95,10,9,
14,SIFT,SIFT,MAT_BF,SEL_KNN,168.038,2048,0,203.11,186.396,1125,93,8,10,
15,SIFT,SIFT,MAT_BF,SEL_KNN,163.072,2044,0,214.065,184.005,1107,97,12,8,
16,SIFT,SIFT,MAT_BF,SEL_KNN,165.38,2086,3,201.157,189.096,1173,98,7,3,
17,SIFT,SIFT,MAT_BF,SEL_KNN,166.129,2093,0,208.303,193.646,1183,83,8,-9,
18,SIFT,SIFT,MAT_BF,SEL_KNN,164.712,2159,38,205.125,196.329,1158,82,6,8,

